title,release_year
4 Moons (2014),2014
Furious Love (2010),2010
Father of Lights (2012),2012
Holy Ghost (2014),2014
Daybreakers (2010),2010
Leap Year (2010),2010
"Book of Eli, The (2010)",2010
If You Love (Jos rakastat) (2010),2010
Legion (2010),2010
Dante's Inferno Animated (2010),2010
Extraordinary Measures (2010),2010
When in Rome (2010),2010
Edge of Darkness (2010),2010
Temple Grandin (2010),2010
Valentine's Day (2010),2010
"Wolfman, The (2010)",2010
Shutter Island (2010),2010
Percy Jackson & the Olympians: The Lightning Thief (2010),2010
Cop Out (2010),2010
"Ghost Writer, The (2010)",2010
